,Precision,F2 Score,Recall,G-mean,Sampling Size
0,0.1452513966480447,0.08885850991114147,0.08099688473520249,0.2803107276198735,0.1
1,0.15143369175627241,0.3520833333333333,0.5264797507788161,0.6549857812618168,0.2
2,0.13068181818181818,0.3777923784494086,0.7165109034267912,0.7086522376295512,0.3
3,0.12590100913022587,0.3893016344725111,0.8161993769470405,0.7252185629925523,0.4
4,0.1231658514895509,0.39201811491650157,0.8629283489096573,0.7281766353317175,0.5
5,0.12301075268817205,0.39623164311443615,0.8909657320872274,0.7319827506127359,0.6
6,0.12256973795435334,0.3972602739726028,0.9034267912772586,0.7326372799062466,0.7
7,0.12353923205342238,0.40217391304347827,0.9221183800623053,0.7372489768979125,0.8
