,Precision,F2 Score,Recall,G-mean,Sampling Size
0,0.23376623376623376,0.1248266296809986,0.11180124223602485,0.330486837717352,0.1
1,0.17679558011049723,0.19393939393939394,0.19875776397515527,0.43263826513610876,0.2
2,0.17699115044247787,0.22988505747126436,0.2484472049689441,0.4799737327341265,0.3
3,0.15444015444015444,0.22148394241417496,0.2484472049689441,0.47662184891840886,0.4
4,0.16433566433566432,0.25268817204301075,0.2919254658385093,0.5144312500937335,0.5
5,0.16095890410958905,0.25106837606837606,0.2919254658385093,0.5137650319207165,0.6
6,0.15699658703071673,0.2454642475987193,0.2857142857142857,0.5080501732018389,0.7
7,0.16,0.26831785345717235,0.32298136645962733,0.5371201183228501,0.8
