,Precision,F2 Score,Recall,G-mean,Sampling Size
0,0.2727272727272727,0.14563106796116504,0.13043478260869565,0.3571808703599539,0.1
1,0.18848167539267016,0.2155688622754491,0.2236024844720497,0.4583101229859424,0.2
2,0.1673469387755102,0.23059617547806524,0.2546583850931677,0.48408830409866815,0.3
3,0.16666666666666666,0.24617067833698028,0.2795031055900621,0.5048847207453304,0.4
4,0.16838487972508592,0.2620320855614974,0.30434782608695654,0.5249225569606832,0.5
5,0.17114093959731544,0.2707006369426752,0.3167701863354037,0.5349494877213081,0.6
6,0.16927899686520376,0.28037383177570097,0.33540372670807456,0.5483096439327031,0.7
7,0.14454277286135694,0.24923702950152596,0.30434782608695654,0.5194520900823663,0.8
