,Precision,F2 Score,Recall,G-mean,Sampling Size
0,0.16071428571428573,0.14386189258312018,0.14018691588785046,0.36571336562025764,0.1
1,0.1503957783641161,0.3531598513011152,0.5327102803738317,0.6573466248447062,0.2
2,0.12870699881376038,0.3653198653198653,0.67601246105919,0.6941652417111953,0.3
3,0.12734652460679857,0.38556067588325654,0.7819314641744548,0.7204127904443609,0.4
4,0.12640977443609022,0.3941969519343494,0.838006230529595,0.7303701289348739,0.5
5,0.12398921832884097,0.39316239316239315,0.8598130841121495,0.7294005105782816,0.6
6,0.12304347826086956,0.3948102678571429,0.881619937694704,0.7307327790144202,0.7
7,0.12318220701454234,0.3975704030922143,0.897196261682243,0.7332231156028597,0.8
