,Precision,F2 Score,Recall,G-mean,Sampling Size
0,0.14136125654450263,0.09152542372881356,0.08411214953271028,0.2853336618758838,0.1
1,0.14418604651162792,0.24105754276827374,0.2897196261682243,0.5083834142031715,0.2
2,0.1405672009864365,0.2720763723150358,0.35514018691588783,0.5538471767283546,0.3
3,0.1442495126705653,0.3203463203463203,0.46105919003115264,0.6179947055931404,0.4
4,0.13858267716535433,0.34455755677368827,0.5482866043613707,0.6565201124804282,0.5
5,0.1323859386686612,0.33765738267836704,0.5514018691588785,0.6529569395539829,0.6
6,0.13126323218066338,0.34431691965938543,0.5794392523364486,0.6633164190372289,0.7
7,0.12844611528822056,0.35590277777777773,0.6386292834890965,0.6818776118621479,0.8
