,Precision,F2 Score,Recall,G-mean,Sampling Size
0,0.3,0.16574585635359115,0.14906832298136646,0.3818424119990477,0.1
1,0.18478260869565216,0.20531400966183577,0.2111801242236025,0.4458607083144894,0.2
2,0.16055045871559634,0.20301624129930396,0.21739130434782608,0.44925826695450016,0.3
3,0.1598360655737705,0.2195945945945946,0.2422360248447205,0.4720333247694643,0.4
4,0.15753424657534246,0.2457264957264957,0.2857142857142857,0.5081601288731191,0.5
5,0.16370106761565836,0.24864864864864866,0.2857142857142857,0.5093680746979904,0.6
6,0.1498371335504886,0.24185068349106204,0.2857142857142857,0.5065082874815043,0.7
7,0.14626865671641792,0.2502553626149132,0.30434782608695654,0.5199101607975546,0.8
