,Precision,F2 Score,Recall,G-mean,Sampling Size
0,0.2159090909090909,0.06924198250728864,0.059190031152647975,0.24164348378220568,0.1
1,0.18585526315789475,0.17789672544080604,0.17601246105919002,0.4092624207919108,0.2
2,0.1617283950617284,0.19390171699230316,0.20404984423676012,0.43647034257970135,0.3
3,0.15684575389948008,0.2431488447071467,0.2819314641744548,0.5050903700354369,0.4
4,0.1541440743609605,0.25783881834672195,0.3099688473520249,0.5261950813590078,0.5
5,0.15019455252918287,0.25045419153906046,0.30062305295950154,0.5182017800461548,0.6
6,0.15719298245614036,0.2804908590032557,0.34890965732087226,0.554930384610929,0.7
7,0.14656381486676018,0.2616424636955433,0.32554517133956384,0.5355530508840292,0.8
