,Precision,F2 Score,Recall,G-mean,Sampling Size
0,0.17209302325581396,0.12341561040693796,0.11526479750778816,0.3335470395968786,0.1
1,0.14052143172779497,0.32912440488511696,0.4953271028037383,0.6333656199052056,0.2
2,0.13376784605834885,0.3721934369602764,0.6713395638629284,0.6986997430555397,0.3
3,0.1259335565284574,0.37901100604557436,0.7616822429906542,0.7134279598315549,0.4
4,0.12520749347877638,0.38909358879882094,0.822429906542056,0.7251597739941968,0.5
5,0.12547871142149133,0.397459683173969,0.867601246105919,0.733737517044021,0.6
6,0.12547023677804825,0.4000282206857626,0.883177570093458,0.736201764882762,0.7
7,0.12438025436516491,0.4003052587761898,0.8987538940809969,0.7361304085328388,0.8
