,Precision,F2 Score,Recall,G-mean,Sampling Size
0,0.21341463414634146,0.12085635359116022,0.10903426791277258,0.32601292930033343,0.1
1,0.1889763779527559,0.2162162162162162,0.22429906542056074,0.4590741050228011,0.2
2,0.18161925601750548,0.23836875358989085,0.2585669781931464,0.489551841579702,0.3
3,0.16,0.2242152466367713,0.24922118380062305,0.4782857663367553,0.4
4,0.16098484848484848,0.2345474613686534,0.26479750778816197,0.49179662574293787,0.5
5,0.17109634551495018,0.2730646871686108,0.32087227414330216,0.538116336930457,0.6
6,0.152276295133438,0.25247267048412286,0.30218068535825543,0.5198835563123273,0.7
7,0.14992025518341306,0.24594453165881736,0.29283489096573206,0.5121723558269333,0.8
