,Precision,F2 Score,Recall,G-mean,Sampling Size
0,0.16071428571428573,0.11904761904761905,0.11180124223602485,0.3281634104299046,0.1
1,0.138671875,0.3070934256055363,0.4409937888198758,0.6040998167821579,0.2
2,0.1228287841191067,0.34137931034482766,0.6149068322981367,0.6669989641712609,0.3
3,0.12343096234309624,0.36874999999999997,0.7329192546583851,0.7019410483348388,0.4
4,0.12417061611374408,0.3855208946439082,0.8136645962732919,0.720859187776363,0.5
5,0.1264786169244768,0.3987378083763625,0.8633540372670807,0.734313573704719,0.6
6,0.12687224669603525,0.4047217537942665,0.8944099378881988,0.7401143467586807,0.7
7,0.1259774109470026,0.403899721448468,0.9006211180124224,0.739114288309943,0.8
