,Precision,F2 Score,Recall,G-mean,Sampling Size
0,0.14864864864864866,0.07660167130919221,0.06832298136645963,0.25814651423385004,0.1
1,0.14450867052023122,0.3224419604471195,0.4658385093167702,0.6204432701393564,0.2
2,0.12165450121654502,0.34106412005457026,0.6211180124223602,0.6676359781303781,0.3
3,0.12588116817724068,0.38179596823457546,0.7763975155279503,0.7161294422593389,0.4
4,0.12443233424159855,0.3925501432664757,0.8509316770186336,0.7280980525628057,0.5
5,0.1256544502617801,0.4022346368715084,0.8944099378881988,0.7375103860828232,0.6
6,0.1252129471890971,0.40429042904290424,0.9130434782608695,0.7391389365445991,0.7
7,0.12563237774030353,0.40710382513661203,0.9254658385093167,0.7417142556070578,0.8
