,Precision,F2 Score,Recall,G-mean,Sampling Size
0,0.11627906976744186,0.06849315068493152,0.062111801242236024,0.24549072026376645,0.1
1,0.15140845070422534,0.23168103448275862,0.2670807453416149,0.4918415373404469,0.2
2,0.13903743315508021,0.2554027504911591,0.32298136645962733,0.5313273032532294,0.3
3,0.13219616204690832,0.27852650494159925,0.38509316770186336,0.5690321083248785,0.4
4,0.13412563667232597,0.32035685320356855,0.4906832298136646,0.6267497435778657,0.5
5,0.13737075332348597,0.3520060560181681,0.577639751552795,0.6676159669428505,0.6
6,0.12280701754385964,0.3285198555956678,0.5652173913043478,0.649258644405835,0.7
7,0.12549019607843137,0.340667139815472,0.5962732919254659,0.6635265565607401,0.8
