,Precision,F2 Score,Recall,G-mean,Sampling Size
0,0.17249417249417248,0.12345679012345678,0.11526479750778816,0.3335639293373556,0.1
1,0.14045936395759717,0.3290562913907285,0.4953271028037383,0.6333273951174642,0.2
2,0.13376784605834885,0.3721934369602764,0.6713395638629284,0.6986997430555397,0.3
3,0.12602880658436214,0.3794919454770756,0.7632398753894081,0.7139480930953253,0.4
4,0.12520749347877638,0.38909358879882094,0.822429906542056,0.7251597739941968,0.5
5,0.12545045045045045,0.3974029680365297,0.867601246105919,0.7336797219577164,0.6
6,0.12547023677804825,0.4000282206857626,0.883177570093458,0.736201764882762,0.7
7,0.12438025436516491,0.4003052587761898,0.8987538940809969,0.7361304085328388,0.8
