,Precision,F2 Score,Recall,G-mean,Sampling Size
0,0.21428571428571427,0.06061719324026451,0.0514018691588785,0.22537499874941846,0.1
1,0.1735241502683363,0.1551007355292613,0.15109034267912771,0.37982483837745185,0.2
2,0.16147635524798154,0.20378457059679767,0.21806853582554517,0.450079312653239,0.3
3,0.15948275862068967,0.24812231759656656,0.2881619937694704,0.5105858146567382,0.4
4,0.15259488768396592,0.2552474734387147,0.3068535825545171,0.5234869114441918,0.5
5,0.1549079754601227,0.26084710743801653,0.3146417445482866,0.5298563818247234,0.6
6,0.15482054890921887,0.2757583354224116,0.3426791277258567,0.5499533299524452,0.7
7,0.1459807073954984,0.27528498666019885,0.35358255451713394,0.5546913490393319,0.8
