,Precision,F2 Score,Recall,G-mean,Sampling Size
0,0.18421052631578946,0.10824742268041238,0.09813084112149532,0.30895719032666236,0.1
1,0.145218945487042,0.3381190178942988,0.5062305295950156,0.6415340329318081,0.2
2,0.13580246913580246,0.37878787878787873,0.6853582554517134,0.705529884684148,0.3
3,0.12761194029850748,0.38934426229508196,0.7990654205607477,0.7246610305726982,0.4
4,0.12565925246503096,0.39543945735315345,0.8535825545171339,0.7317301804110474,0.5
5,0.12461673236968901,0.39879450518643117,0.8862928348909658,0.7348511290091354,0.6
6,0.1247859589041096,0.4026243093922652,0.9080996884735203,0.738326565943616,0.7
7,0.12489486963835156,0.40551611141452765,0.9252336448598131,0.7408165528037622,0.8
