,Precision,F2 Score,Recall,G-mean,Sampling Size
0,0.2894736842105263,0.15277777777777776,0.13664596273291926,0.3657324229671522,0.1
1,0.1744186046511628,0.1838235294117647,0.18633540372670807,0.4195086236710471,0.2
2,0.18385650224215247,0.23644752018454437,0.2546583850931677,0.48634609516764454,0.3
3,0.17509727626459143,0.24972253052164262,0.2795031055900621,0.506290033680713,0.4
4,0.16785714285714284,0.2543290043290043,0.2919254658385093,0.515096606590946,0.5
5,0.16666666666666666,0.2575107296137339,0.2981366459627329,0.5197629678080155,0.6
6,0.15309446254071662,0.24710830704521558,0.2919254658385093,0.5120956945759539,0.7
7,0.15384615384615385,0.2579979360165119,0.3105590062111801,0.526458958395076,0.8
