,Precision,F2 Score,Recall,G-mean,Sampling Size
0,0.20454545454545456,0.12328767123287669,0.11214953271028037,0.33027253334517165,0.1
1,0.18820224719101122,0.20426829268292682,0.2087227414330218,0.4437677371407603,0.2
2,0.1828978622327791,0.2258064516129032,0.2398753894080997,0.4730148067480986,0.3
3,0.16538461538461538,0.23835920177383593,0.26791277258566976,0.4951573282909372,0.4
4,0.16322701688555347,0.23940561364887175,0.27102803738317754,0.4973890591446546,0.5
5,0.15771812080536912,0.24999999999999994,0.29283489096573206,0.5139020130221855,0.6
6,0.15625,0.2510570824524313,0.29595015576323985,0.5160119681605578,0.7
7,0.15062111801242237,0.25155601659751037,0.30218068535825543,0.5194856789354868,0.8
