,Precision,F2 Score,Recall,G-mean,Sampling Size
0,0.1927710843373494,0.19753086419753088,0.19875776397515527,0.4339836760705841,0.1
1,0.18385650224215247,0.23644752018454437,0.2546583850931677,0.48634609516764454,0.2
2,0.15444015444015444,0.22148394241417496,0.2484472049689441,0.47662184891840886,0.3
3,0.16417910447761194,0.24122807017543862,0.2732919254658385,0.4993504040367393,0.4
4,0.16501650165016502,0.2639915522703274,0.3105590062111801,0.5289905789155119,0.5
5,0.16363636363636364,0.24483133841131663,0.2795031055900621,0.5043431731039687,0.6
6,0.1607717041800643,0.2617801047120419,0.3105590062111801,0.5280713938962912,0.7
7,0.15015015015015015,0.25588536335721596,0.3105590062111801,0.5255353454760506,0.8
