,Precision,F2 Score,Recall,G-mean,Sampling Size
0,0.1909814323607427,0.21673690547862734,0.22429906542056074,0.4592651073630906,0.1
1,0.18041704442429737,0.271043312448924,0.3099688473520249,0.5315803427903931,0.2
2,0.16362252663622526,0.2769191138588356,0.3348909657320872,0.546730208270364,0.3
3,0.1652744630071599,0.32634307257304423,0.43146417445482865,0.6102945561128469,0.4
4,0.16666666666666666,0.3201438848920863,0.4158878504672897,0.6013444069645454,0.5
5,0.16646115906288533,0.32219570405727926,0.4205607476635514,0.6041351733665508,0.6
6,0.1645493042952208,0.3221985311537551,0.4236760124610592,0.6053774207315344,0.7
7,0.15600448933782268,0.3195402298850575,0.43302180685358255,0.6077495856089541,0.8
