,Precision,F2 Score,Recall,G-mean,Sampling Size
0,0.1868279569892473,0.2098429951690821,0.21651090342679127,0.45133855935385736,0.1
1,0.18041704442429737,0.271043312448924,0.3099688473520249,0.5315803427903931,0.2
2,0.16362252663622526,0.2769191138588356,0.3348909657320872,0.546730208270364,0.3
3,0.16327788046826863,0.31615366261035555,0.4127725856697819,0.5983129083280546,0.4
4,0.1654632972322503,0.3250591016548463,0.42834890965732086,0.6085003446288747,0.5
5,0.1633416458852868,0.31399808245445826,0.40809968847352024,0.5954527944478081,0.6
6,0.16435045317220545,0.322045938905991,0.4236760124610592,0.6053090049070823,0.7
7,0.15591699383062255,0.31946678924385197,0.43302180685358255,0.607714760546002,0.8
