,Precision,F2 Score,Recall,G-mean,Sampling Size
0,0.1927710843373494,0.19753086419753088,0.19875776397515527,0.4339836760705841,0.1
1,0.18385650224215247,0.23644752018454437,0.2546583850931677,0.48634609516764454,0.2
2,0.15441176470588236,0.22925764192139736,0.2608695652173913,0.48724179538788315,0.3
3,0.1624548736462094,0.24429967426710095,0.2795031055900621,0.5041263911583836,0.4
4,0.16501650165016502,0.2639915522703274,0.3105590062111801,0.5289905789155119,0.5
5,0.18181818181818182,0.29411764705882354,0.34782608695652173,0.5599524850068122,0.6
6,0.1607717041800643,0.2617801047120419,0.3105590062111801,0.5280713938962912,0.7
7,0.15015015015015015,0.25588536335721596,0.3105590062111801,0.5255353454760506,0.8
